emb_file,start_time,end_time,ANIA_song,file_len_sec,file,date,card,grid,start_time,annotation
new_hawk_embs/AKEK_grid/G5-0_11460/SMM11460_20240619_181500.csv,33,36,13.56376,240,clips/33s_SMM11460_20240619_181500.wav,20240619,G5-0_11460,AKEK_grid,0,no
new_hawk_embs/AKEK_grid/G5-0_11460/SMM11460_20240630_101800.csv,39,42,11.335274,240,clips/39s_SMM11460_20240630_101800.wav,20240630,G5-0_11460,AKEK_grid,0,no
new_hawk_embs/AKEK_grid/G5-0_11460/SMM11460_20240415_183800.csv,123,126,10.604052,240,clips/123s_SMM11460_20240415_183800.wav,20240415,G5-0_11460,AKEK_grid,0,no
new_hawk_embs/AKEK_grid/G5-0_11460/SMM11460_20240428_122800.csv,153,156,10.583234,240,clips/153s_SMM11460_20240428_122800.wav,20240428,G5-0_11460,AKEK_grid,0,no
new_hawk_embs/AKEK_grid/G5-0_11460/SMM11460_20240420_183400.csv,237,240,10.479945,240,clips/237s_SMM11460_20240420_183400.wav,20240420,G5-0_11460,AKEK_grid,0,no
new_hawk_embs/AKEK_grid/C4-4-extra_11430/SMM11430_20240318_100400.csv,183,186,18.199495,240,clips/183s_SMM11430_20240318_100400.wav,20240318,C4-4-extra_11430,AKEK_grid,0,yes
new_hawk_embs/AKEK_grid/C4-4-extra_11430/SMM11430_20240325_135700.csv,129,132,15.582763,240,clips/129s_SMM11430_20240325_135700.wav,20240325,C4-4-extra_11430,AKEK_grid,0,no
new_hawk_embs/AKEK_grid/C4-4-extra_11430/SMM11430_20240427_152900.csv,99,102,14.653068,240,clips/99s_SMM11430_20240427_152900.wav,20240427,C4-4-extra_11430,AKEK_grid,0,no
new_hawk_embs/AKEK_grid/C4-4-extra_11430/SMM11430_20240515_191900.csv,12,15,14.259837,240,clips/12s_SMM11430_20240515_191900.wav,20240515,C4-4-extra_11430,AKEK_grid,0,no
new_hawk_embs/AKEK_grid/C4-4-extra_11430/SMM11430_20240509_132100.csv,165,168,14.132911,240,clips/165s_SMM11430_20240509_132100.wav,20240509,C4-4-extra_11430,AKEK_grid,0,yes
new_hawk_embs/AKEK_grid/H8-4-additional_11467/SMM11467_20240520_171700.csv,63,66,14.738299,240,clips/63s_SMM11467_20240520_171700.wav,20240520,H8-4-additional_11467,AKEK_grid,0,unknown
new_hawk_embs/AKEK_grid/H8-4-additional_11467/SMM11467_20240524_171500.csv,234,237,14.665704,240,clips/234s_SMM11467_20240524_171500.wav,20240524,H8-4-additional_11467,AKEK_grid,0,yes
new_hawk_embs/AKEK_grid/H8-4-additional_11467/SMM11467_20240606_121400.csv,39,42,13.672361,240,clips/39s_SMM11467_20240606_121400.wav,20240606,H8-4-additional_11467,AKEK_grid,0,no
new_hawk_embs/AKEK_grid/H8-4-additional_11467/SMM11467_20240607_091400.csv,9,12,13.224641,240,clips/9s_SMM11467_20240607_091400.wav,20240607,H8-4-additional_11467,AKEK_grid,0,no
new_hawk_embs/AKEK_grid/H8-4-additional_11467/SMM11467_20240520_171700.csv,222,225,13.034694,240,clips/222s_SMM11467_20240520_171700.wav,20240520,H8-4-additional_11467,AKEK_grid,0,no
new_hawk_embs/AKEK_grid/C2-0_11798/SMM11798_20240617_131500.csv,180,183,12.635399,240,clips/180s_SMM11798_20240617_131500.wav,20240617,C2-0_11798,AKEK_grid,0,no
new_hawk_embs/AKEK_grid/C2-0_11798/SMM11798_20240525_091500.csv,225,228,11.878188,240,clips/225s_SMM11798_20240525_091500.wav,20240525,C2-0_11798,AKEK_grid,0,no
new_hawk_embs/AKEK_grid/C2-0_11798/SMM11798_20240613_131400.csv,3,6,11.165908,240,clips/3s_SMM11798_20240613_131400.wav,20240613,C2-0_11798,AKEK_grid,0,no
new_hawk_embs/AKEK_grid/C2-0_11798/SMM11798_20240521_111600.csv,18,21,10.745847,240,clips/18s_SMM11798_20240521_111600.wav,20240521,C2-0_11798,AKEK_grid,0,no
new_hawk_embs/AKEK_grid/C2-0_11798/SMM11798_20240523_111600.csv,15,18,10.336648,240,clips/15s_SMM11798_20240523_111600.wav,20240523,C2-0_11798,AKEK_grid,0,no
new_hawk_embs/AKEK_grid/D5-0_11442/SMM11442_20240530_161400.csv,18,21,14.337886,240,clips/18s_SMM11442_20240530_161400.wav,20240530,D5-0_11442,AKEK_grid,0,yes
new_hawk_embs/AKEK_grid/D5-0_11442/SMM11442_20240511_132000.csv,231,234,13.350104,240,clips/231s_SMM11442_20240511_132000.wav,20240511,D5-0_11442,AKEK_grid,0,yes
new_hawk_embs/AKEK_grid/D5-0_11442/SMM11442_20240422_183200.csv,126,129,13.179122,240,clips/126s_SMM11442_20240422_183200.wav,20240422,D5-0_11442,AKEK_grid,0,no
new_hawk_embs/AKEK_grid/D5-0_11442/SMM11442_20240511_132000.csv,228,231,12.221871,240,clips/228s_SMM11442_20240511_132000.wav,20240511,D5-0_11442,AKEK_grid,0,yes
new_hawk_embs/AKEK_grid/D5-0_11442/SMM11442_20240530_161400.csv,27,30,12.037051,240,clips/27s_SMM11442_20240530_161400.wav,20240530,D5-0_11442,AKEK_grid,0,yes
new_hawk_embs/AKEK_grid/E7-2-extra_11917/SMM11917_20240530_131400.csv,72,75,16.6777,240,clips/72s_SMM11917_20240530_131400.wav,20240530,E7-2-extra_11917,AKEK_grid,0,yes
new_hawk_embs/AKEK_grid/E7-2-extra_11917/SMM11917_20240608_141400.csv,51,54,16.51759,240,clips/51s_SMM11917_20240608_141400.wav,20240608,E7-2-extra_11917,AKEK_grid,0,yes
new_hawk_embs/AKEK_grid/E7-2-extra_11917/SMM11917_20240605_181400.csv,12,15,16.037384,240,clips/12s_SMM11917_20240605_181400.wav,20240605,E7-2-extra_11917,AKEK_grid,0,yes
new_hawk_embs/AKEK_grid/E7-2-extra_11917/SMM11917_20240608_131400.csv,90,93,15.9635515,240,clips/90s_SMM11917_20240608_131400.wav,20240608,E7-2-extra_11917,AKEK_grid,0,yes
new_hawk_embs/AKEK_grid/E7-2-extra_11917/SMM11917_20240601_171400.csv,30,33,15.35093,240,clips/30s_SMM11917_20240601_171400.wav,20240601,E7-2-extra_11917,AKEK_grid,0,yes
new_hawk_embs/AKEK_grid/E5-1_11797/SMM11797_20240428_142800.csv,93,96,18.121128,240,clips/93s_SMM11797_20240428_142800.wav,20240428,E5-1_11797,AKEK_grid,0,no
new_hawk_embs/AKEK_grid/E5-1_11797/SMM11797_20240508_122200.csv,48,51,17.985874,240,clips/48s_SMM11797_20240508_122200.wav,20240508,E5-1_11797,AKEK_grid,0,unknown
new_hawk_embs/AKEK_grid/E5-1_11797/SMM11797_20240428_142800.csv,222,225,17.053858,240,clips/222s_SMM11797_20240428_142800.wav,20240428,E5-1_11797,AKEK_grid,0,yes
new_hawk_embs/AKEK_grid/E5-1_11797/SMM11797_20240428_142800.csv,117,120,14.704785,240,clips/117s_SMM11797_20240428_142800.wav,20240428,E5-1_11797,AKEK_grid,0,yes
new_hawk_embs/AKEK_grid/E5-1_11797/SMM11797_20240428_142800.csv,45,48,14.653396,240,clips/45s_SMM11797_20240428_142800.wav,20240428,E5-1_11797,AKEK_grid,0,yes
new_hawk_embs/AKEK_grid/E6-3_11851/SMM11851_20240519_181700.csv,165,168,15.392418,240,clips/165s_SMM11851_20240519_181700.wav,20240519,E6-3_11851,AKEK_grid,0,yes
new_hawk_embs/AKEK_grid/E6-3_11851/SMM11851_20240519_181700.csv,201,204,13.354592,240,clips/201s_SMM11851_20240519_181700.wav,20240519,E6-3_11851,AKEK_grid,0,yes
new_hawk_embs/AKEK_grid/E6-3_11851/SMM11851_20240519_181700.csv,177,180,12.743286,240,clips/177s_SMM11851_20240519_181700.wav,20240519,E6-3_11851,AKEK_grid,0,yes
new_hawk_embs/AKEK_grid/E6-3_11851/SMM11851_20240605_091400.csv,210,213,11.757172,240,clips/210s_SMM11851_20240605_091400.wav,20240605,E6-3_11851,AKEK_grid,0,no
new_hawk_embs/AKEK_grid/E6-3_11851/SMM11851_20240428_182800.csv,120,123,11.499099,240,clips/120s_SMM11851_20240428_182800.wav,20240428,E6-3_11851,AKEK_grid,0,no
new_hawk_embs/AKEK_grid/C3-4-extra_11431/SMM11431_20240509_072100.csv,87,90,11.923426,240,clips/87s_SMM11431_20240509_072100.wav,20240509,C3-4-extra_11431,AKEK_grid,0,no
new_hawk_embs/AKEK_grid/C3-4-extra_11431/SMM11431_20240614_131400.csv,45,48,10.087308,240,clips/45s_SMM11431_20240614_131400.wav,20240614,C3-4-extra_11431,AKEK_grid,0,no
new_hawk_embs/AKEK_grid/C3-4-extra_11431/SMM11431_20240517_101800.csv,117,120,9.830462,240,clips/117s_SMM11431_20240517_101800.wav,20240517,C3-4-extra_11431,AKEK_grid,0,no
new_hawk_embs/AKEK_grid/C3-4-extra_11431/SMM11431_20240409_154300.csv,168,171,9.702991,240,clips/168s_SMM11431_20240409_154300.wav,20240409,C3-4-extra_11431,AKEK_grid,0,no
new_hawk_embs/AKEK_grid/C3-4-extra_11431/SMM11431_20240404_144800.csv,99,102,9.382739,240,clips/99s_SMM11431_20240404_144800.wav,20240404,C3-4-extra_11431,AKEK_grid,0,
new_hawk_embs/AKEK_grid/I9-2_11428/SMM11428_20240527_061500.csv,219,222,13.893921,240,clips/219s_SMM11428_20240527_061500.wav,20240527,I9-2_11428,AKEK_grid,0,yes
new_hawk_embs/AKEK_grid/I9-2_11428/SMM11428_20240502_162500.csv,42,45,12.106022,240,clips/42s_SMM11428_20240502_162500.wav,20240502,I9-2_11428,AKEK_grid,0,unknown
new_hawk_embs/AKEK_grid/I9-2_11428/SMM11428_20240508_112200.csv,123,126,11.925991,240,clips/123s_SMM11428_20240508_112200.wav,20240508,I9-2_11428,AKEK_grid,0,yes
new_hawk_embs/AKEK_grid/I9-2_11428/SMM11428_20240430_122700.csv,51,54,11.813383,240,clips/51s_SMM11428_20240430_122700.wav,20240430,I9-2_11428,AKEK_grid,0,yes
new_hawk_embs/AKEK_grid/I9-2_11428/SMM11428_20240411_094100.csv,228,231,11.48324,240,clips/228s_SMM11428_20240411_094100.wav,20240411,I9-2_11428,AKEK_grid,0,yes
new_hawk_embs/AKEK_grid/I9-0_11461/SMM11461_20240414_183900.csv,99,102,13.808913,240,clips/99s_SMM11461_20240414_183900.wav,20240414,I9-0_11461,AKEK_grid,0,no
new_hawk_embs/AKEK_grid/I9-0_11461/SMM11461_20240416_183700.csv,90,93,12.607114,240,clips/90s_SMM11461_20240416_183700.wav,20240416,I9-0_11461,AKEK_grid,0,no
new_hawk_embs/AKEK_grid/I9-0_11461/SMM11461_20240428_112800.csv,108,111,11.9871,240,clips/108s_SMM11461_20240428_112800.wav,20240428,I9-0_11461,AKEK_grid,0,no
new_hawk_embs/AKEK_grid/I9-0_11461/SMM11461_20240511_132000.csv,48,51,11.323453,240,clips/48s_SMM11461_20240511_132000.wav,20240511,I9-0_11461,AKEK_grid,0,no
new_hawk_embs/AKEK_grid/I9-0_11461/SMM11461_20240508_182200.csv,222,225,11.169702,240,clips/222s_SMM11461_20240508_182200.wav,20240508,I9-0_11461,AKEK_grid,0,no
new_hawk_embs/AKEK_grid/H10-0_11438/SMM11438_20240514_161900.csv,120,123,12.198441,240,clips/120s_SMM11438_20240514_161900.wav,20240514,H10-0_11438,AKEK_grid,0,no
new_hawk_embs/AKEK_grid/H10-0_11438/SMM11438_20240523_181600.csv,36,39,11.347344,240,clips/36s_SMM11438_20240523_181600.wav,20240523,H10-0_11438,AKEK_grid,0,no
new_hawk_embs/AKEK_grid/H10-0_11438/SMM11438_20240607_191400.csv,162,165,9.397611,240,clips/162s_SMM11438_20240607_191400.wav,20240607,H10-0_11438,AKEK_grid,0,no
new_hawk_embs/AKEK_grid/H10-0_11438/SMM11438_20240410_134200.csv,75,78,8.873648,240,clips/75s_SMM11438_20240410_134200.wav,20240410,H10-0_11438,AKEK_grid,0,no
new_hawk_embs/AKEK_grid/H10-0_11438/SMM11438_20240502_082500.csv,168,171,8.648593,240,clips/168s_SMM11438_20240502_082500.wav,20240502,H10-0_11438,AKEK_grid,0,no
new_hawk_embs/AKEK_grid/F8-0_11855/SMM11855_20240428_112800.csv,102,105,13.887242,240,clips/102s_SMM11855_20240428_112800.wav,20240428,F8-0_11855,AKEK_grid,0,no
new_hawk_embs/AKEK_grid/F8-0_11855/SMM11855_20240707_142100.csv,150,153,11.359429,240,clips/150s_SMM11855_20240707_142100.wav,20240707,F8-0_11855,AKEK_grid,0,no
new_hawk_embs/AKEK_grid/F8-0_11855/SMM11855_20240412_154100.csv,198,201,11.344747,240,clips/198s_SMM11855_20240412_154100.wav,20240412,F8-0_11855,AKEK_grid,0,no
new_hawk_embs/AKEK_grid/F8-0_11855/SMM11855_20240429_102800.csv,177,180,10.8482485,240,clips/177s_SMM11855_20240429_102800.wav,20240429,F8-0_11855,AKEK_grid,0,no
new_hawk_embs/AKEK_grid/F8-0_11855/SMM11855_20240315_100600.csv,237,240,10.780923,240,clips/237s_SMM11855_20240315_100600.wav,20240315,F8-0_11855,AKEK_grid,0,no
new_hawk_embs/AKEK_grid/A2-0_11869/SMM11869_20240714_162400.csv,192,195,10.5447,240,clips/192s_SMM11869_20240714_162400.wav,20240714,A2-0_11869,AKEK_grid,0,no
new_hawk_embs/AKEK_grid/A2-0_11869/SMM11869_20240709_132200.csv,9,12,10.379062,240,clips/9s_SMM11869_20240709_132200.wav,20240709,A2-0_11869,AKEK_grid,0,no
new_hawk_embs/AKEK_grid/A2-0_11869/SMM11869_20240604_081400.csv,48,51,10.208147,240,clips/48s_SMM11869_20240604_081400.wav,20240604,A2-0_11869,AKEK_grid,0,no
new_hawk_embs/AKEK_grid/A2-0_11869/SMM11869_20240506_112300.csv,147,150,9.757781,240,clips/147s_SMM11869_20240506_112300.wav,20240506,A2-0_11869,AKEK_grid,0,no
new_hawk_embs/AKEK_grid/A2-0_11869/SMM11869_20240606_181400.csv,60,63,9.17769,240,clips/60s_SMM11869_20240606_181400.wav,20240606,A2-0_11869,AKEK_grid,0,no
new_hawk_embs/AKEK_grid/E5-0_11439/SMM11439_20240522_141600.csv,75,78,12.713057,240,clips/75s_SMM11439_20240522_141600.wav,20240522,E5-0_11439,AKEK_grid,0,yes
new_hawk_embs/AKEK_grid/E5-0_11439/SMM11439_20240521_161600.csv,72,75,12.388886,240,clips/72s_SMM11439_20240521_161600.wav,20240521,E5-0_11439,AKEK_grid,0,no
new_hawk_embs/AKEK_grid/E5-0_11439/SMM11439_20240522_141600.csv,72,75,11.64244,240,clips/72s_SMM11439_20240522_141600.wav,20240522,E5-0_11439,AKEK_grid,0,yes
new_hawk_embs/AKEK_grid/E5-0_11439/SMM11439_20240422_143200.csv,225,228,9.224561,240,clips/225s_SMM11439_20240422_143200.wav,20240422,E5-0_11439,AKEK_grid,0,no
new_hawk_embs/AKEK_grid/E5-0_11439/SMM11439_20240328_165400.csv,84,87,9.122819,240,clips/84s_SMM11439_20240328_165400.wav,20240328,E5-0_11439,AKEK_grid,0,no
new_hawk_embs/AKEK_grid/G6-0_11452/SMM11452_20240515_101800.csv,210,213,15.433103,240,clips/210s_SMM11452_20240515_101800.wav,20240515,G6-0_11452,AKEK_grid,0,yes
new_hawk_embs/AKEK_grid/G6-0_11452/SMM11452_20240512_062000.csv,27,30,14.919176,240,clips/27s_SMM11452_20240512_062000.wav,20240512,G6-0_11452,AKEK_grid,0,yes
new_hawk_embs/AKEK_grid/G6-0_11452/SMM11452_20240611_181400.csv,123,126,14.766083,240,clips/123s_SMM11452_20240611_181400.wav,20240611,G6-0_11452,AKEK_grid,0,yes
new_hawk_embs/AKEK_grid/G6-0_11452/SMM11452_20240722_112700.csv,123,126,14.503372,240,clips/123s_SMM11452_20240722_112700.wav,20240722,G6-0_11452,AKEK_grid,0,no
new_hawk_embs/AKEK_grid/G6-0_11452/SMM11452_20240524_141600.csv,123,126,14.503372,240,clips/123s_SMM11452_20240524_141600.wav,20240524,G6-0_11452,AKEK_grid,0,yes
new_hawk_embs/AKEK_grid/F7-0_11920/SMM11920_20240608_181400.csv,57,60,12.956547,240,clips/57s_SMM11920_20240608_181400.wav,20240608,F7-0_11920,AKEK_grid,0,no
new_hawk_embs/AKEK_grid/F7-0_11920/SMM11920_20240527_111500.csv,54,57,11.886678,240,clips/54s_SMM11920_20240527_111500.wav,20240527,F7-0_11920,AKEK_grid,0,no
new_hawk_embs/AKEK_grid/F7-0_11920/SMM11920_20240504_182400.csv,201,204,11.640882,240,clips/201s_SMM11920_20240504_182400.wav,20240504,F7-0_11920,AKEK_grid,0,no
new_hawk_embs/AKEK_grid/F7-0_11920/SMM11920_20240519_171700.csv,15,18,11.396724,240,clips/15s_SMM11920_20240519_171700.wav,20240519,F7-0_11920,AKEK_grid,0,no
new_hawk_embs/AKEK_grid/F7-0_11920/SMM11920_20240528_091500.csv,180,183,11.35567,240,clips/180s_SMM11920_20240528_091500.wav,20240528,F7-0_11920,AKEK_grid,0,no
new_hawk_embs/AKEK_grid/D4-0_11915/SMM11915_20240403_104900.csv,192,195,10.767442,240,clips/192s_SMM11915_20240403_104900.wav,20240403,D4-0_11915,AKEK_grid,0,no
new_hawk_embs/AKEK_grid/D4-0_11915/SMM11915_20240511_062000.csv,141,144,10.404283,240,clips/141s_SMM11915_20240511_062000.wav,20240511,D4-0_11915,AKEK_grid,0,no
new_hawk_embs/AKEK_grid/D4-0_11915/SMM11915_20240612_081400.csv,90,93,10.363062,240,clips/90s_SMM11915_20240612_081400.wav,20240612,D4-0_11915,AKEK_grid,0,no
new_hawk_embs/AKEK_grid/D4-0_11915/SMM11915_20240507_102200.csv,210,213,9.383424,240,clips/210s_SMM11915_20240507_102200.wav,20240507,D4-0_11915,AKEK_grid,0,no
new_hawk_embs/AKEK_grid/D4-0_11915/SMM11915_20240331_065100.csv,18,21,9.285563,240,clips/18s_SMM11915_20240331_065100.wav,20240331,D4-0_11915,AKEK_grid,0,no
new_hawk_embs/AKEK_grid/F6-0_11794/SMM11794_20240701_081800.csv,78,81,11.530326,240,clips/78s_SMM11794_20240701_081800.wav,20240701,F6-0_11794,AKEK_grid,0,no
new_hawk_embs/AKEK_grid/F6-0_11794/SMM11794_20240627_141700.csv,189,192,11.530267,240,clips/189s_SMM11794_20240627_141700.wav,20240627,F6-0_11794,AKEK_grid,0,no
new_hawk_embs/AKEK_grid/F6-0_11794/SMM11794_20240508_182200.csv,153,156,10.97979,240,clips/153s_SMM11794_20240508_182200.wav,20240508,F6-0_11794,AKEK_grid,0,no
new_hawk_embs/AKEK_grid/F6-0_11794/SMM11794_20240707_102100.csv,138,141,10.886434,240,clips/138s_SMM11794_20240707_102100.wav,20240707,F6-0_11794,AKEK_grid,0,no
new_hawk_embs/AKEK_grid/F6-0_11794/SMM11794_20240607_151400.csv,120,123,10.74165,240,clips/120s_SMM11794_20240607_151400.wav,20240607,F6-0_11794,AKEK_grid,0,no
new_hawk_embs/AKEK_grid/H6-4_11454/SMM11454_20240609_161400.csv,90,93,12.934976,240,clips/90s_SMM11454_20240609_161400.wav,20240609,H6-4_11454,AKEK_grid,0,no
new_hawk_embs/AKEK_grid/H6-4_11454/SMM11454_20240604_131400.csv,3,6,12.627261,240,clips/3s_SMM11454_20240604_131400.wav,20240604,H6-4_11454,AKEK_grid,0,yes
new_hawk_embs/AKEK_grid/H6-4_11454/SMM11454_20240429_072700.csv,120,123,12.265967,240,clips/120s_SMM11454_20240429_072700.wav,20240429,H6-4_11454,AKEK_grid,0,no
new_hawk_embs/AKEK_grid/H6-4_11454/SMM11454_20240606_131400.csv,87,90,11.660499,240,clips/87s_SMM11454_20240606_131400.wav,20240606,H6-4_11454,AKEK_grid,0,no
new_hawk_embs/AKEK_grid/H6-4_11454/SMM11454_20240601_161400.csv,45,48,11.581746,240,clips/45s_SMM11454_20240601_161400.wav,20240601,H6-4_11454,AKEK_grid,0,no
new_hawk_embs/AKEK_grid/I8-2-additional_11450/SMM11450_20240420_133400.csv,180,183,17.472672,240,clips/180s_SMM11450_20240420_133400.wav,20240420,I8-2-additional_11450,AKEK_grid,0,yes
new_hawk_embs/AKEK_grid/I8-2-additional_11450/SMM11450_20240416_123700.csv,54,57,13.738024,240,clips/54s_SMM11450_20240416_123700.wav,20240416,I8-2-additional_11450,AKEK_grid,0,unknown
new_hawk_embs/AKEK_grid/I8-2-additional_11450/SMM11450_20240419_063500.csv,18,21,12.973633,240,clips/18s_SMM11450_20240419_063500.wav,20240419,I8-2-additional_11450,AKEK_grid,0,yes
new_hawk_embs/AKEK_grid/I8-2-additional_11450/SMM11450_20240505_092300.csv,15,18,12.757255,240,clips/15s_SMM11450_20240505_092300.wav,20240505,I8-2-additional_11450,AKEK_grid,0,yes
new_hawk_embs/AKEK_grid/I8-2-additional_11450/SMM11450_20240605_111400.csv,93,96,12.750925,240,clips/93s_SMM11450_20240605_111400.wav,20240605,I8-2-additional_11450,AKEK_grid,0,no
new_hawk_embs/AKEK_grid/A3-0_11423/SMM11423_20240528_101500.csv,159,162,11.496685,240,clips/159s_SMM11423_20240528_101500.wav,20240528,A3-0_11423,AKEK_grid,0,no
new_hawk_embs/AKEK_grid/A3-0_11423/SMM11423_20240526_151600.csv,102,105,11.152145,240,clips/102s_SMM11423_20240526_151600.wav,20240526,A3-0_11423,AKEK_grid,0,no
new_hawk_embs/AKEK_grid/A3-0_11423/SMM11423_20240514_161900.csv,183,186,10.893342,240,clips/183s_SMM11423_20240514_161900.wav,20240514,A3-0_11423,AKEK_grid,0,no
new_hawk_embs/AKEK_grid/A3-0_11423/SMM11423_20240508_072200.csv,42,45,10.812724,240,clips/42s_SMM11423_20240508_072200.wav,20240508,A3-0_11423,AKEK_grid,0,no
new_hawk_embs/AKEK_grid/A3-0_11423/SMM11423_20240428_182800.csv,174,177,10.576623,240,clips/174s_SMM11423_20240428_182800.wav,20240428,A3-0_11423,AKEK_grid,0,no
new_hawk_embs/AKEK_grid/H7-3_11436/SMM11436_20240520_051700.csv,120,123,14.558185,240,clips/120s_SMM11436_20240520_051700.wav,20240520,H7-3_11436,AKEK_grid,0,yes
new_hawk_embs/AKEK_grid/H7-3_11436/SMM11436_20240604_051400.csv,162,165,14.430785,240,clips/162s_SMM11436_20240604_051400.wav,20240604,H7-3_11436,AKEK_grid,0,yes
new_hawk_embs/AKEK_grid/H7-3_11436/SMM11436_20240531_051400.csv,132,135,14.250004,240,clips/132s_SMM11436_20240531_051400.wav,20240531,H7-3_11436,AKEK_grid,0,no
new_hawk_embs/AKEK_grid/H7-3_11436/SMM11436_20240609_161400.csv,132,135,13.841922,240,clips/132s_SMM11436_20240609_161400.wav,20240609,H7-3_11436,AKEK_grid,0,unknown
new_hawk_embs/AKEK_grid/H7-3_11436/SMM11436_20240508_052200.csv,228,231,13.442498,240,clips/228s_SMM11436_20240508_052200.wav,20240508,H7-3_11436,AKEK_grid,0,yes
new_hawk_embs/AKEK_grid/H7-0_11456/SMM11456_20240524_161600.csv,33,36,13.535587,240,clips/33s_SMM11456_20240524_161600.wav,20240524,H7-0_11456,AKEK_grid,0,no
new_hawk_embs/AKEK_grid/H7-0_11456/SMM11456_20240610_081400.csv,132,135,12.817362,240,clips/132s_SMM11456_20240610_081400.wav,20240610,H7-0_11456,AKEK_grid,0,no
new_hawk_embs/AKEK_grid/H7-0_11456/SMM11456_20240605_071400.csv,207,210,12.220176,240,clips/207s_SMM11456_20240605_071400.wav,20240605,H7-0_11456,AKEK_grid,0,no
new_hawk_embs/AKEK_grid/H7-0_11456/SMM11456_20240420_073400.csv,54,57,11.202128,240,clips/54s_SMM11456_20240420_073400.wav,20240420,H7-0_11456,AKEK_grid,0,no
new_hawk_embs/AKEK_grid/H7-0_11456/SMM11456_20240529_081500.csv,57,60,10.23709,240,clips/57s_SMM11456_20240529_081500.wav,20240529,H7-0_11456,AKEK_grid,0,no
new_hawk_embs/AKEK_grid/I7-3_11447/SMM11447_20240416_093700.csv,75,78,13.206368,240,clips/75s_SMM11447_20240416_093700.wav,20240416,I7-3_11447,AKEK_grid,0,no
new_hawk_embs/AKEK_grid/I7-3_11447/SMM11447_20240416_093700.csv,72,75,12.550865,240,clips/72s_SMM11447_20240416_093700.wav,20240416,I7-3_11447,AKEK_grid,0,no
new_hawk_embs/AKEK_grid/I7-3_11447/SMM11447_20240416_173700.csv,129,132,11.681838,240,clips/129s_SMM11447_20240416_173700.wav,20240416,I7-3_11447,AKEK_grid,0,no
new_hawk_embs/AKEK_grid/I7-3_11447/SMM11447_20240605_131400.csv,237,240,11.484816,240,clips/237s_SMM11447_20240605_131400.wav,20240605,I7-3_11447,AKEK_grid,0,yes
new_hawk_embs/AKEK_grid/I7-3_11447/SMM11447_20240412_174000.csv,237,240,11.459615,240,clips/237s_SMM11447_20240412_174000.wav,20240412,I7-3_11447,AKEK_grid,0,no
new_hawk_embs/AKEK_grid/H8-0_11446/SMM11446_20240524_141500.csv,84,87,11.641291,240,clips/84s_SMM11446_20240524_141500.wav,20240524,H8-0_11446,AKEK_grid,0,no
new_hawk_embs/AKEK_grid/H8-0_11446/SMM11446_20240522_181600.csv,156,159,11.006317,240,clips/156s_SMM11446_20240522_181600.wav,20240522,H8-0_11446,AKEK_grid,0,no
new_hawk_embs/AKEK_grid/H8-0_11446/SMM11446_20240522_061600.csv,150,153,10.977839,240,clips/150s_SMM11446_20240522_061600.wav,20240522,H8-0_11446,AKEK_grid,0,no
new_hawk_embs/AKEK_grid/H8-0_11446/SMM11446_20240501_122600.csv,177,180,10.063136,240,clips/177s_SMM11446_20240501_122600.wav,20240501,H8-0_11446,AKEK_grid,0,no
new_hawk_embs/AKEK_grid/H8-0_11446/SMM11446_20240605_171400.csv,174,177,9.488505,240,clips/174s_SMM11446_20240605_171400.wav,20240605,H8-0_11446,AKEK_grid,0,no
new_hawk_embs/AKEK_grid/B4-0_11437/SMM11437_20240521_161600.csv,171,174,12.368663,240,clips/171s_SMM11437_20240521_161600.wav,20240521,B4-0_11437,AKEK_grid,0,no
new_hawk_embs/AKEK_grid/B4-0_11437/SMM11437_20240524_171600.csv,156,159,12.137642,240,clips/156s_SMM11437_20240524_171600.wav,20240524,B4-0_11437,AKEK_grid,0,no
new_hawk_embs/AKEK_grid/B4-0_11437/SMM11437_20240420_103400.csv,192,195,11.2751665,240,clips/192s_SMM11437_20240420_103400.wav,20240420,B4-0_11437,AKEK_grid,0,no
new_hawk_embs/AKEK_grid/B4-0_11437/SMM11437_20240501_182600.csv,30,33,11.188004,240,clips/30s_SMM11437_20240501_182600.wav,20240501,B4-0_11437,AKEK_grid,0,no
new_hawk_embs/AKEK_grid/B4-0_11437/SMM11437_20240526_181500.csv,129,132,10.844991,240,clips/129s_SMM11437_20240526_181500.wav,20240526,B4-0_11437,AKEK_grid,0,no
new_hawk_embs/AKEK_grid/B1-2_11867/SMM11867_20240410_134200.csv,63,66,14.023549,240,clips/63s_SMM11867_20240410_134200.wav,20240410,B1-2_11867,AKEK_grid,0,no
new_hawk_embs/AKEK_grid/B1-2_11867/SMM11867_20240330_125200.csv,219,222,13.546357,240,clips/219s_SMM11867_20240330_125200.wav,20240330,B1-2_11867,AKEK_grid,0,no
new_hawk_embs/AKEK_grid/B1-2_11867/SMM11867_20240325_175700.csv,102,105,11.617007,240,clips/102s_SMM11867_20240325_175700.wav,20240325,B1-2_11867,AKEK_grid,0,no
new_hawk_embs/AKEK_grid/B1-2_11867/SMM11867_20240331_145100.csv,171,174,10.278071,240,clips/171s_SMM11867_20240331_145100.wav,20240331,B1-2_11867,AKEK_grid,0,no
new_hawk_embs/AKEK_grid/B1-2_11867/SMM11867_20240326_165600.csv,129,132,10.09773,240,clips/129s_SMM11867_20240326_165600.wav,20240326,B1-2_11867,AKEK_grid,0,no
new_hawk_embs/AKEK_grid/G9-0_11444/SMM11444_20240522_091600.csv,213,216,13.467336,240,clips/213s_SMM11444_20240522_091600.wav,20240522,G9-0_11444,AKEK_grid,0,no
new_hawk_embs/AKEK_grid/G9-0_11444/SMM11444_20240616_141500.csv,132,135,11.741132,240,clips/132s_SMM11444_20240616_141500.wav,20240616,G9-0_11444,AKEK_grid,0,no
new_hawk_embs/AKEK_grid/G9-0_11444/SMM11444_20240616_191500.csv,48,51,11.548917,240,clips/48s_SMM11444_20240616_191500.wav,20240616,G9-0_11444,AKEK_grid,0,no
new_hawk_embs/AKEK_grid/G9-0_11444/SMM11444_20240611_111400.csv,69,72,11.326693,240,clips/69s_SMM11444_20240611_111400.wav,20240611,G9-0_11444,AKEK_grid,0,no
new_hawk_embs/AKEK_grid/G9-0_11444/SMM11444_20240604_161400.csv,201,204,11.152928,240,clips/201s_SMM11444_20240604_161400.wav,20240604,G9-0_11444,AKEK_grid,0,no
new_hawk_embs/AKEK_grid/G6-4_11432/SMM11432_20240503_162500.csv,168,171,21.09446,240,clips/168s_SMM11432_20240503_162500.wav,20240503,G6-4_11432,AKEK_grid,0,yes
new_hawk_embs/AKEK_grid/G6-4_11432/SMM11432_20240428_122800.csv,177,180,14.24608,240,clips/177s_SMM11432_20240428_122800.wav,20240428,G6-4_11432,AKEK_grid,0,yes
new_hawk_embs/AKEK_grid/G6-4_11432/SMM11432_20240507_122200.csv,234,237,14.187975,240,clips/234s_SMM11432_20240507_122200.wav,20240507,G6-4_11432,AKEK_grid,0,no
new_hawk_embs/AKEK_grid/G6-4_11432/SMM11432_20240428_122800.csv,183,186,14.11945,240,clips/183s_SMM11432_20240428_122800.wav,20240428,G6-4_11432,AKEK_grid,0,yes
new_hawk_embs/AKEK_grid/G6-4_11432/SMM11432_20240429_122700.csv,48,51,14.113598,240,clips/48s_SMM11432_20240429_122700.wav,20240429,G6-4_11432,AKEK_grid,0,yes
new_hawk_embs/AKEK_grid/I10-0_11451/SMM11451_20240501_102600.csv,93,96,12.525277,240,clips/93s_SMM11451_20240501_102600.wav,20240501,I10-0_11451,AKEK_grid,0,no
new_hawk_embs/AKEK_grid/I10-0_11451/SMM11451_20240606_091400.csv,144,147,11.006915,240,clips/144s_SMM11451_20240606_091400.wav,20240606,I10-0_11451,AKEK_grid,0,no
new_hawk_embs/AKEK_grid/I10-0_11451/SMM11451_20240412_094000.csv,204,207,9.973952,240,clips/204s_SMM11451_20240412_094000.wav,20240412,I10-0_11451,AKEK_grid,0,no
new_hawk_embs/AKEK_grid/I10-0_11451/SMM11451_20240430_162600.csv,162,165,9.381446,240,clips/162s_SMM11451_20240430_162600.wav,20240430,I10-0_11451,AKEK_grid,0,no
new_hawk_embs/AKEK_grid/I10-0_11451/SMM11451_20240530_151400.csv,72,75,9.198327,240,clips/72s_SMM11451_20240530_151400.wav,20240530,I10-0_11451,AKEK_grid,0,no
new_hawk_embs/AKEK_grid/D3-0_11534/SMM11534_20240605_081400.csv,234,237,13.704468,240,clips/234s_SMM11534_20240605_081400.wav,20240605,D3-0_11534,AKEK_grid,0,no
new_hawk_embs/AKEK_grid/D3-0_11534/SMM11534_20240427_082900.csv,129,132,13.080065,240,clips/129s_SMM11534_20240427_082900.wav,20240427,D3-0_11534,AKEK_grid,0,no
new_hawk_embs/AKEK_grid/D3-0_11534/SMM11534_20240427_142900.csv,234,237,12.887102,240,clips/234s_SMM11534_20240427_142900.wav,20240427,D3-0_11534,AKEK_grid,0,no
new_hawk_embs/AKEK_grid/D3-0_11534/SMM11534_20240521_081600.csv,0,3,12.856116,240,clips/0s_SMM11534_20240521_081600.wav,20240521,D3-0_11534,AKEK_grid,0,no
new_hawk_embs/AKEK_grid/D3-0_11534/SMM11534_20240426_102900.csv,111,114,12.646816,240,clips/111s_SMM11534_20240426_102900.wav,20240426,D3-0_11534,AKEK_grid,0,no
new_hawk_embs/AKEK_grid/C5-0_11906/SMM11906_20240509_172100.csv,180,183,15.744782,240,clips/180s_SMM11906_20240509_172100.wav,20240509,C5-0_11906,AKEK_grid,0,no
new_hawk_embs/AKEK_grid/C5-0_11906/SMM11906_20240316_160500.csv,54,57,15.07785,240,clips/54s_SMM11906_20240316_160500.wav,20240316,C5-0_11906,AKEK_grid,0,unknown
new_hawk_embs/AKEK_grid/C5-0_11906/SMM11906_20240415_163800.csv,33,36,14.112163,240,clips/33s_SMM11906_20240415_163800.wav,20240415,C5-0_11906,AKEK_grid,0,no
new_hawk_embs/AKEK_grid/C5-0_11906/SMM11906_20240501_162600.csv,216,219,13.726394,240,clips/216s_SMM11906_20240501_162600.wav,20240501,C5-0_11906,AKEK_grid,0,yes
new_hawk_embs/AKEK_grid/C5-0_11906/SMM11906_20240506_122300.csv,108,111,13.681883,240,clips/108s_SMM11906_20240506_122300.wav,20240506,C5-0_11906,AKEK_grid,0,yes
new_hawk_embs/AKEK_grid/D6-2-additional_11923/SMM11923_20240412_154100.csv,117,120,15.20291,240,clips/117s_SMM11923_20240412_154100.wav,20240412,D6-2-additional_11923,AKEK_grid,0,yes
new_hawk_embs/AKEK_grid/D6-2-additional_11923/SMM11923_20240502_162500.csv,117,120,13.545022,240,clips/117s_SMM11923_20240502_162500.wav,20240502,D6-2-additional_11923,AKEK_grid,0,yes
new_hawk_embs/AKEK_grid/D6-2-additional_11923/SMM11923_20240501_112600.csv,150,153,13.070935,240,clips/150s_SMM11923_20240501_112600.wav,20240501,D6-2-additional_11923,AKEK_grid,0,yes
new_hawk_embs/AKEK_grid/D6-2-additional_11923/SMM11923_20240331_185100.csv,135,138,13.003296,240,clips/135s_SMM11923_20240331_185100.wav,20240331,D6-2-additional_11923,AKEK_grid,0,yes
new_hawk_embs/AKEK_grid/D6-2-additional_11923/SMM11923_20240520_191700.csv,159,162,12.628348,240,clips/159s_SMM11923_20240520_191700.wav,20240520,D6-2-additional_11923,AKEK_grid,0,yes
new_hawk_embs/AKEK_grid/G7-0_11453/SMM11453_20240422_133200.csv,201,204,11.120493,240,clips/201s_SMM11453_20240422_133200.wav,20240422,G7-0_11453,AKEK_grid,0,no
new_hawk_embs/AKEK_grid/G7-0_11453/SMM11453_20240430_142700.csv,189,192,9.370183,240,clips/189s_SMM11453_20240430_142700.wav,20240430,G7-0_11453,AKEK_grid,0,no
new_hawk_embs/AKEK_grid/G7-0_11453/SMM11453_20240706_192000.csv,225,228,8.697227,240,clips/225s_SMM11453_20240706_192000.wav,20240706,G7-0_11453,AKEK_grid,0,no
new_hawk_embs/AKEK_grid/G7-0_11453/SMM11453_20240628_061700.csv,225,228,8.671189,240,clips/225s_SMM11453_20240628_061700.wav,20240628,G7-0_11453,AKEK_grid,0,no
new_hawk_embs/AKEK_grid/G7-0_11453/SMM11453_20240605_131400.csv,66,69,8.508893,240,clips/66s_SMM11453_20240605_131400.wav,20240605,G7-0_11453,AKEK_grid,0,no
new_hawk_embs/AKEK_grid/B2-1-extra_11792/SMM11792_20240510_092100.csv,3,6,11.785068,240,clips/3s_SMM11792_20240510_092100.wav,20240510,B2-1-extra_11792,AKEK_grid,0,no
new_hawk_embs/AKEK_grid/B2-1-extra_11792/SMM11792_20240524_171600.csv,0,3,11.101422,240,clips/0s_SMM11792_20240524_171600.wav,20240524,B2-1-extra_11792,AKEK_grid,0,no
new_hawk_embs/AKEK_grid/B2-1-extra_11792/SMM11792_20240524_171600.csv,39,42,11.037637,240,clips/39s_SMM11792_20240524_171600.wav,20240524,B2-1-extra_11792,AKEK_grid,0,no
new_hawk_embs/AKEK_grid/B2-1-extra_11792/SMM11792_20240526_171600.csv,96,99,10.585208,240,clips/96s_SMM11792_20240526_171600.wav,20240526,B2-1-extra_11792,AKEK_grid,0,no
new_hawk_embs/AKEK_grid/B2-1-extra_11792/SMM11792_20240501_092600.csv,12,15,10.120956,240,clips/12s_SMM11792_20240501_092600.wav,20240501,B2-1-extra_11792,AKEK_grid,0,no
new_hawk_embs/AKEK_grid/B4-4_11443/SMM11443_20240409_144300.csv,60,63,12.867085,240,clips/60s_SMM11443_20240409_144300.wav,20240409,B4-4_11443,AKEK_grid,0,no
new_hawk_embs/AKEK_grid/B4-4_11443/SMM11443_20240325_075700.csv,63,66,11.615149,240,clips/63s_SMM11443_20240325_075700.wav,20240325,B4-4_11443,AKEK_grid,0,no
new_hawk_embs/AKEK_grid/B4-4_11443/SMM11443_20240410_154200.csv,9,12,11.364266,240,clips/9s_SMM11443_20240410_154200.wav,20240410,B4-4_11443,AKEK_grid,0,no
new_hawk_embs/AKEK_grid/B4-4_11443/SMM11443_20240518_151700.csv,12,15,11.332667,240,clips/12s_SMM11443_20240518_151700.wav,20240518,B4-4_11443,AKEK_grid,0,unknown
new_hawk_embs/AKEK_grid/B4-4_11443/SMM11443_20240403_124900.csv,174,177,11.331728,240,clips/174s_SMM11443_20240403_124900.wav,20240403,B4-4_11443,AKEK_grid,0,no
new_hawk_embs/AKEK_grid/I6-0_11466/SMM11466_20240608_161400.csv,213,216,12.908803,240,clips/213s_SMM11466_20240608_161400.wav,20240608,I6-0_11466,AKEK_grid,0,no
new_hawk_embs/AKEK_grid/I6-0_11466/SMM11466_20240520_141700.csv,48,51,10.827209,240,clips/48s_SMM11466_20240520_141700.wav,20240520,I6-0_11466,AKEK_grid,0,no
new_hawk_embs/AKEK_grid/I6-0_11466/SMM11466_20240421_063300.csv,96,99,10.260937,240,clips/96s_SMM11466_20240421_063300.wav,20240421,I6-0_11466,AKEK_grid,0,no
new_hawk_embs/AKEK_grid/I6-0_11466/SMM11466_20240521_081600.csv,108,111,10.084718,240,clips/108s_SMM11466_20240521_081600.wav,20240521,I6-0_11466,AKEK_grid,0,no
new_hawk_embs/AKEK_grid/I6-0_11466/SMM11466_20240410_174200.csv,63,66,10.021337,240,clips/63s_SMM11466_20240410_174200.wav,20240410,I6-0_11466,AKEK_grid,0,unknown
new_hawk_embs/AKEK_grid/I8-0_11531/SMM11531_20240420_093400.csv,24,27,17.97508,240,clips/24s_SMM11531_20240420_093400.wav,20240420,I8-0_11531,AKEK_grid,0,yes
new_hawk_embs/AKEK_grid/I8-0_11531/SMM11531_20240331_165100.csv,150,153,16.605011,240,clips/150s_SMM11531_20240331_165100.wav,20240331,I8-0_11531,AKEK_grid,0,yes
new_hawk_embs/AKEK_grid/I8-0_11531/SMM11531_20240430_072700.csv,72,75,16.30521,240,clips/72s_SMM11531_20240430_072700.wav,20240430,I8-0_11531,AKEK_grid,0,yes
new_hawk_embs/AKEK_grid/I8-0_11531/SMM11531_20240524_181500.csv,129,132,16.274265,240,clips/129s_SMM11531_20240524_181500.wav,20240524,I8-0_11531,AKEK_grid,0,yes
new_hawk_embs/AKEK_grid/I8-0_11531/SMM11531_20240524_181500.csv,225,228,16.052534,240,clips/225s_SMM11531_20240524_181500.wav,20240524,I8-0_11531,AKEK_grid,0,no
new_hawk_embs/AKEK_grid/D6-0_11879/SMM11879_20240521_081600.csv,30,33,19.205421,240,clips/30s_SMM11879_20240521_081600.wav,20240521,D6-0_11879,AKEK_grid,0,yes
new_hawk_embs/AKEK_grid/D6-0_11879/SMM11879_20240520_111700.csv,147,150,17.690336,240,clips/147s_SMM11879_20240520_111700.wav,20240520,D6-0_11879,AKEK_grid,0,yes
new_hawk_embs/AKEK_grid/D6-0_11879/SMM11879_20240520_061700.csv,27,30,17.508333,240,clips/27s_SMM11879_20240520_061700.wav,20240520,D6-0_11879,AKEK_grid,0,yes
new_hawk_embs/AKEK_grid/D6-0_11879/SMM11879_20240606_101400.csv,147,150,17.409945,240,clips/147s_SMM11879_20240606_101400.wav,20240606,D6-0_11879,AKEK_grid,0,yes
new_hawk_embs/AKEK_grid/D6-0_11879/SMM11879_20240513_071900.csv,159,162,16.68845,240,clips/159s_SMM11879_20240513_071900.wav,20240513,D6-0_11879,AKEK_grid,0,yes
new_hawk_embs/AKEK_grid/D5-4_11471/SMM11471_20240428_092800.csv,54,57,17.324413,240,clips/54s_SMM11471_20240428_092800.wav,20240428,D5-4_11471,AKEK_grid,0,yes
new_hawk_embs/AKEK_grid/D5-4_11471/SMM11471_20240319_090300.csv,21,24,16.852072,240,clips/21s_SMM11471_20240319_090300.wav,20240319,D5-4_11471,AKEK_grid,0,yes
new_hawk_embs/AKEK_grid/D5-4_11471/SMM11471_20240319_090300.csv,27,30,15.166578,240,clips/27s_SMM11471_20240319_090300.wav,20240319,D5-4_11471,AKEK_grid,0,yes
new_hawk_embs/AKEK_grid/D5-4_11471/SMM11471_20240420_173400.csv,21,24,15.166066,240,clips/21s_SMM11471_20240420_173400.wav,20240420,D5-4_11471,AKEK_grid,0,yes
new_hawk_embs/AKEK_grid/D5-4_11471/SMM11471_20240524_081600.csv,153,156,15.072105,240,clips/153s_SMM11471_20240524_081600.wav,20240524,D5-4_11471,AKEK_grid,0,yes
new_hawk_embs/AKEK_grid/G8-0_11908/SMM11908_20240505_182300.csv,57,60,10.956254,240,clips/57s_SMM11908_20240505_182300.wav,20240505,G8-0_11908,AKEK_grid,0,no
new_hawk_embs/AKEK_grid/G8-0_11908/SMM11908_20240521_111600.csv,45,48,8.991652,240,clips/45s_SMM11908_20240521_111600.wav,20240521,G8-0_11908,AKEK_grid,0,no
new_hawk_embs/AKEK_grid/G8-0_11908/SMM11908_20240530_131400.csv,138,141,8.894456,240,clips/138s_SMM11908_20240530_131400.wav,20240530,G8-0_11908,AKEK_grid,0,no
new_hawk_embs/AKEK_grid/G8-0_11908/SMM11908_20240529_161400.csv,27,30,8.730547,240,clips/27s_SMM11908_20240529_161400.wav,20240529,G8-0_11908,AKEK_grid,0,no
new_hawk_embs/AKEK_grid/G8-0_11908/SMM11908_20240607_161400.csv,189,192,8.304662,240,clips/189s_SMM11908_20240607_161400.wav,20240607,G8-0_11908,AKEK_grid,0,no
new_hawk_embs/AKEK_grid/D3-4-additional_11429/SMM11429_20240509_162100.csv,69,72,14.373296,240,clips/69s_SMM11429_20240509_162100.wav,20240509,D3-4-additional_11429,AKEK_grid,0,no
new_hawk_embs/AKEK_grid/D3-4-additional_11429/SMM11429_20240509_162100.csv,90,93,10.2325,240,clips/90s_SMM11429_20240509_162100.wav,20240509,D3-4-additional_11429,AKEK_grid,0,no
new_hawk_embs/AKEK_grid/D3-4-additional_11429/SMM11429_20240410_134200.csv,33,36,9.999898,240,clips/33s_SMM11429_20240410_134200.wav,20240410,D3-4-additional_11429,AKEK_grid,0,no
new_hawk_embs/AKEK_grid/D3-4-additional_11429/SMM11429_20240514_071900.csv,225,228,9.799056,240,clips/225s_SMM11429_20240514_071900.wav,20240514,D3-4-additional_11429,AKEK_grid,0,no
new_hawk_embs/AKEK_grid/D3-4-additional_11429/SMM11429_20240518_171700.csv,138,141,9.734477,240,clips/138s_SMM11429_20240518_171700.wav,20240518,D3-4-additional_11429,AKEK_grid,0,no
new_hawk_embs/AKEK_grid/C4-0_11457/SMM11457_20240329_155300.csv,138,141,14.195497,240,clips/138s_SMM11457_20240329_155300.wav,20240329,C4-0_11457,AKEK_grid,0,yes
new_hawk_embs/AKEK_grid/C4-0_11457/SMM11457_20240319_140300.csv,66,69,13.942601,240,clips/66s_SMM11457_20240319_140300.wav,20240319,C4-0_11457,AKEK_grid,0,yes
new_hawk_embs/AKEK_grid/C4-0_11457/SMM11457_20240319_140300.csv,135,138,10.348345,240,clips/135s_SMM11457_20240319_140300.wav,20240319,C4-0_11457,AKEK_grid,0,yes
new_hawk_embs/AKEK_grid/C4-0_11457/SMM11457_20240319_140300.csv,51,54,9.910483,240,clips/51s_SMM11457_20240319_140300.wav,20240319,C4-0_11457,AKEK_grid,0,yes
new_hawk_embs/AKEK_grid/C4-0_11457/SMM11457_20240407_094500.csv,198,201,9.530173,240,clips/198s_SMM11457_20240407_094500.wav,20240407,C4-0_11457,AKEK_grid,0,no
new_hawk_embs/AKEK_grid/C5-2-extra_11445/SMM11445_20240501_102600.csv,39,42,16.986237,240,clips/39s_SMM11445_20240501_102600.wav,20240501,C5-2-extra_11445,AKEK_grid,0,yes
new_hawk_embs/AKEK_grid/C5-2-extra_11445/SMM11445_20240421_183300.csv,123,126,16.76542,240,clips/123s_SMM11445_20240421_183300.wav,20240421,C5-2-extra_11445,AKEK_grid,0,no
new_hawk_embs/AKEK_grid/C5-2-extra_11445/SMM11445_20240502_142500.csv,165,168,15.416905,240,clips/165s_SMM11445_20240502_142500.wav,20240502,C5-2-extra_11445,AKEK_grid,0,unknown
new_hawk_embs/AKEK_grid/C5-2-extra_11445/SMM11445_20240428_162800.csv,117,120,14.945164,240,clips/117s_SMM11445_20240428_162800.wav,20240428,C5-2-extra_11445,AKEK_grid,0,no
new_hawk_embs/AKEK_grid/C5-2-extra_11445/SMM11445_20240426_182900.csv,213,216,14.879023,240,clips/213s_SMM11445_20240426_182900.wav,20240426,C5-2-extra_11445,AKEK_grid,0,yes
new_hawk_embs/AKEK_grid/F8-2_11868/SMM11868_20240607_121400.csv,180,183,15.645247,240,clips/180s_SMM11868_20240607_121400.wav,20240607,F8-2_11868,AKEK_grid,0,yes
new_hawk_embs/AKEK_grid/F8-2_11868/SMM11868_20240528_061500.csv,141,144,14.9137945,240,clips/141s_SMM11868_20240528_061500.wav,20240528,F8-2_11868,AKEK_grid,0,yes
new_hawk_embs/AKEK_grid/F8-2_11868/SMM11868_20240714_122300.csv,186,189,14.761992,240,clips/186s_SMM11868_20240714_122300.wav,20240714,F8-2_11868,AKEK_grid,0,no
new_hawk_embs/AKEK_grid/F8-2_11868/SMM11868_20240415_183800.csv,132,135,14.663577,240,clips/132s_SMM11868_20240415_183800.wav,20240415,F8-2_11868,AKEK_grid,0,yes
new_hawk_embs/AKEK_grid/F8-2_11868/SMM11868_20240430_182700.csv,6,9,14.632475,240,clips/6s_SMM11868_20240430_182700.wav,20240430,F8-2_11868,AKEK_grid,0,yes
new_hawk_embs/AKEK_grid/A1-0_11883/SMM11883_20240507_172300.csv,15,18,16.605373,240,clips/15s_SMM11883_20240507_172300.wav,20240507,A1-0_11883,AKEK_grid,0,no
new_hawk_embs/AKEK_grid/A1-0_11883/SMM11883_20240710_132200.csv,63,66,15.708008,240,clips/63s_SMM11883_20240710_132200.wav,20240710,A1-0_11883,AKEK_grid,0,no
new_hawk_embs/AKEK_grid/A1-0_11883/SMM11883_20240331_175100.csv,177,180,13.885941,240,clips/177s_SMM11883_20240331_175100.wav,20240331,A1-0_11883,AKEK_grid,0,no
new_hawk_embs/AKEK_grid/A1-0_11883/SMM11883_20240512_162000.csv,60,63,12.695828,240,clips/60s_SMM11883_20240512_162000.wav,20240512,A1-0_11883,AKEK_grid,0,no
new_hawk_embs/AKEK_grid/A1-0_11883/SMM11883_20240510_102100.csv,105,108,12.650522,240,clips/105s_SMM11883_20240510_102100.wav,20240510,A1-0_11883,AKEK_grid,0,no
new_hawk_embs/AKEK_grid/D4-4_11791/SMM11791_20240321_160100.csv,144,147,18.972824,240,clips/144s_SMM11791_20240321_160100.wav,20240321,D4-4_11791,AKEK_grid,0,yes
new_hawk_embs/AKEK_grid/D4-4_11791/SMM11791_20240508_162200.csv,177,180,16.740509,240,clips/177s_SMM11791_20240508_162200.wav,20240508,D4-4_11791,AKEK_grid,0,yes
new_hawk_embs/AKEK_grid/D4-4_11791/SMM11791_20240504_172400.csv,186,189,15.94317,240,clips/186s_SMM11791_20240504_172400.wav,20240504,D4-4_11791,AKEK_grid,0,yes
new_hawk_embs/AKEK_grid/D4-4_11791/SMM11791_20240502_082500.csv,21,24,15.715171,240,clips/21s_SMM11791_20240502_082500.wav,20240502,D4-4_11791,AKEK_grid,0,yes
new_hawk_embs/AKEK_grid/D4-4_11791/SMM11791_20240502_082500.csv,141,144,14.844867,240,clips/141s_SMM11791_20240502_082500.wav,20240502,D4-4_11791,AKEK_grid,0,yes
new_hawk_embs/AKEK_grid/H9-3-additional_11524/SMM11524_20240611_111400.csv,174,177,10.995813,240,clips/174s_SMM11524_20240611_111400.wav,20240611,H9-3-additional_11524,AKEK_grid,0,no
new_hawk_embs/AKEK_grid/H9-3-additional_11524/SMM11524_20240605_191400.csv,84,87,10.6101465,240,clips/84s_SMM11524_20240605_191400.wav,20240605,H9-3-additional_11524,AKEK_grid,0,no
new_hawk_embs/AKEK_grid/H9-3-additional_11524/SMM11524_20240608_061400.csv,120,123,10.332522,240,clips/120s_SMM11524_20240608_061400.wav,20240608,H9-3-additional_11524,AKEK_grid,0,no
new_hawk_embs/AKEK_grid/H9-3-additional_11524/SMM11524_20240518_131700.csv,204,207,9.385804,240,clips/204s_SMM11524_20240518_131700.wav,20240518,H9-3-additional_11524,AKEK_grid,0,no
new_hawk_embs/AKEK_grid/H9-3-additional_11524/SMM11524_20240608_091400.csv,9,12,8.780644,240,clips/9s_SMM11524_20240608_091400.wav,20240608,H9-3-additional_11524,AKEK_grid,0,no
new_hawk_embs/AKEK_grid/I7-0_11458/SMM11458_20240522_081600.csv,105,108,15.900288,240,clips/105s_SMM11458_20240522_081600.wav,20240522,I7-0_11458,AKEK_grid,0,yes
new_hawk_embs/AKEK_grid/I7-0_11458/SMM11458_20240401_065000.csv,63,66,14.302373,240,clips/63s_SMM11458_20240401_065000.wav,20240401,I7-0_11458,AKEK_grid,0,unknown
new_hawk_embs/AKEK_grid/I7-0_11458/SMM11458_20240502_142500.csv,210,213,13.990436,240,clips/210s_SMM11458_20240502_142500.wav,20240502,I7-0_11458,AKEK_grid,0,unknown
new_hawk_embs/AKEK_grid/I7-0_11458/SMM11458_20240426_052900.csv,63,66,13.486357,240,clips/63s_SMM11458_20240426_052900.wav,20240426,I7-0_11458,AKEK_grid,0,yes
new_hawk_embs/AKEK_grid/I7-0_11458/SMM11458_20240403_144900.csv,87,90,13.28351,240,clips/87s_SMM11458_20240403_144900.wav,20240403,I7-0_11458,AKEK_grid,0,yes
new_hawk_embs/AKEK_grid/A2-4_11918/SMM11918_20240521_121600.csv,30,33,14.074772,240,clips/30s_SMM11918_20240521_121600.wav,20240521,A2-4_11918,AKEK_grid,0,no
new_hawk_embs/AKEK_grid/A2-4_11918/SMM11918_20240521_091600.csv,201,204,12.876605,240,clips/201s_SMM11918_20240521_091600.wav,20240521,A2-4_11918,AKEK_grid,0,no
new_hawk_embs/AKEK_grid/A2-4_11918/SMM11918_20240529_081500.csv,231,234,11.841008,240,clips/231s_SMM11918_20240529_081500.wav,20240529,A2-4_11918,AKEK_grid,0,no
new_hawk_embs/AKEK_grid/A2-4_11918/SMM11918_20240502_122500.csv,24,27,10.061039,240,clips/24s_SMM11918_20240502_122500.wav,20240502,A2-4_11918,AKEK_grid,0,no
new_hawk_embs/AKEK_grid/A2-4_11918/SMM11918_20240516_091800.csv,195,198,9.420634,240,clips/195s_SMM11918_20240516_091800.wav,20240516,A2-4_11918,AKEK_grid,0,no
new_hawk_embs/AKEK_grid/F5-0_11857/SMM11857_20240704_122000.csv,213,216,10.690478,240,clips/213s_SMM11857_20240704_122000.wav,20240704,F5-0_11857,AKEK_grid,0,no
new_hawk_embs/AKEK_grid/F5-0_11857/SMM11857_20240521_161600.csv,45,48,10.670575,240,clips/45s_SMM11857_20240521_161600.wav,20240521,F5-0_11857,AKEK_grid,0,no
new_hawk_embs/AKEK_grid/F5-0_11857/SMM11857_20240601_131400.csv,180,183,10.385495,240,clips/180s_SMM11857_20240601_131400.wav,20240601,F5-0_11857,AKEK_grid,0,no
new_hawk_embs/AKEK_grid/F5-0_11857/SMM11857_20240510_062100.csv,99,102,10.104146,240,clips/99s_SMM11857_20240510_062100.wav,20240510,F5-0_11857,AKEK_grid,0,no
new_hawk_embs/AKEK_grid/F5-0_11857/SMM11857_20240603_171400.csv,60,63,9.94597,240,clips/60s_SMM11857_20240603_171400.wav,20240603,F5-0_11857,AKEK_grid,0,no
new_hawk_embs/AKEK_grid/F5-4_11910/SMM11910_20240529_171500.csv,159,162,10.700516,240,clips/159s_SMM11910_20240529_171500.wav,20240529,F5-4_11910,AKEK_grid,0,no
new_hawk_embs/AKEK_grid/F5-4_11910/SMM11910_20240606_121400.csv,132,135,10.580156,240,clips/132s_SMM11910_20240606_121400.wav,20240606,F5-4_11910,AKEK_grid,0,no
new_hawk_embs/AKEK_grid/F5-4_11910/SMM11910_20240524_061600.csv,159,162,10.36018,240,clips/159s_SMM11910_20240524_061600.wav,20240524,F5-4_11910,AKEK_grid,0,no
new_hawk_embs/AKEK_grid/F5-4_11910/SMM11910_20240521_081600.csv,123,126,10.150378,240,clips/123s_SMM11910_20240521_081600.wav,20240521,F5-4_11910,AKEK_grid,0,no
new_hawk_embs/AKEK_grid/F5-4_11910/SMM11910_20240507_172200.csv,204,207,10.143618,240,clips/204s_SMM11910_20240507_172200.wav,20240507,F5-4_11910,AKEK_grid,0,no
new_hawk_embs/AKEK_grid/F7-2-extra_11455/SMM11455_20240614_101400.csv,69,72,10.211532,240,clips/69s_SMM11455_20240614_101400.wav,20240614,F7-2-extra_11455,AKEK_grid,0,no
new_hawk_embs/AKEK_grid/F7-2-extra_11455/SMM11455_20240607_091400.csv,135,138,9.915511,240,clips/135s_SMM11455_20240607_091400.wav,20240607,F7-2-extra_11455,AKEK_grid,0,no
new_hawk_embs/AKEK_grid/F7-2-extra_11455/SMM11455_20240428_132800.csv,129,132,9.384175,240,clips/129s_SMM11455_20240428_132800.wav,20240428,F7-2-extra_11455,AKEK_grid,0,no
new_hawk_embs/AKEK_grid/F7-2-extra_11455/SMM11455_20240601_181400.csv,216,219,9.3806505,240,clips/216s_SMM11455_20240601_181400.wav,20240601,F7-2-extra_11455,AKEK_grid,0,no
new_hawk_embs/AKEK_grid/F7-2-extra_11455/SMM11455_20240502_152500.csv,75,78,9.0784025,240,clips/75s_SMM11455_20240502_152500.wav,20240502,F7-2-extra_11455,AKEK_grid,0,no
new_hawk_embs/AKEK_grid/B1-0_11895/SMM11895_20240527_101500.csv,237,240,12.234712,240,clips/237s_SMM11895_20240527_101500.wav,20240527,B1-0_11895,AKEK_grid,0,no
new_hawk_embs/AKEK_grid/B1-0_11895/SMM11895_20240527_161500.csv,0,3,10.302079,240,clips/0s_SMM11895_20240527_161500.wav,20240527,B1-0_11895,AKEK_grid,0,no
new_hawk_embs/AKEK_grid/B1-0_11895/SMM11895_20240530_181500.csv,183,186,10.211091,240,clips/183s_SMM11895_20240530_181500.wav,20240530,B1-0_11895,AKEK_grid,0,
new_hawk_embs/AKEK_grid/B1-0_11895/SMM11895_20240330_155200.csv,180,183,9.431095,240,clips/180s_SMM11895_20240330_155200.wav,20240330,B1-0_11895,AKEK_grid,0,
new_hawk_embs/AKEK_grid/B1-0_11895/SMM11895_20240503_162500.csv,39,42,9.24209,240,clips/39s_SMM11895_20240503_162500.wav,20240503,B1-0_11895,AKEK_grid,0,
new_hawk_embs/AKEK_grid/I6-1_11426/SMM11426_20240501_072600.csv,156,159,15.123818,240,clips/156s_SMM11426_20240501_072600.wav,20240501,I6-1_11426,AKEK_grid,0,
new_hawk_embs/AKEK_grid/I6-1_11426/SMM11426_20240501_072600.csv,90,93,15.010559,240,clips/90s_SMM11426_20240501_072600.wav,20240501,I6-1_11426,AKEK_grid,0,yes
new_hawk_embs/AKEK_grid/I6-1_11426/SMM11426_20240501_072600.csv,144,147,13.034287,240,clips/144s_SMM11426_20240501_072600.wav,20240501,I6-1_11426,AKEK_grid,0,yes
new_hawk_embs/AKEK_grid/I6-1_11426/SMM11426_20240509_102100.csv,219,222,12.345403,240,clips/219s_SMM11426_20240509_102100.wav,20240509,I6-1_11426,AKEK_grid,0,no
new_hawk_embs/AKEK_grid/I6-1_11426/SMM11426_20240607_131400.csv,96,99,11.77294,240,clips/96s_SMM11426_20240607_131400.wav,20240607,I6-1_11426,AKEK_grid,0,no
new_hawk_embs/AKEK_grid/G5-4_11463/SMM11463_20240520_091700.csv,18,21,12.318408,240,clips/18s_SMM11463_20240520_091700.wav,20240520,G5-4_11463,AKEK_grid,0,no
new_hawk_embs/AKEK_grid/G5-4_11463/SMM11463_20240523_181600.csv,192,195,12.161836,240,clips/192s_SMM11463_20240523_181600.wav,20240523,G5-4_11463,AKEK_grid,0,no
new_hawk_embs/AKEK_grid/G5-4_11463/SMM11463_20240417_153600.csv,186,189,10.94367,240,clips/186s_SMM11463_20240417_153600.wav,20240417,G5-4_11463,AKEK_grid,0,no
new_hawk_embs/AKEK_grid/G5-4_11463/SMM11463_20240416_153700.csv,93,96,10.634151,240,clips/93s_SMM11463_20240416_153700.wav,20240416,G5-4_11463,AKEK_grid,0,no
new_hawk_embs/AKEK_grid/G5-4_11463/SMM11463_20240523_121600.csv,219,222,10.303188,240,clips/219s_SMM11463_20240523_121600.wav,20240523,G5-4_11463,AKEK_grid,0,no
new_hawk_embs/AKEK_grid/E6-0_11800/SMM11800_20240331_085100.csv,228,231,18.23078,240,clips/228s_SMM11800_20240331_085100.wav,20240331,E6-0_11800,AKEK_grid,0,yes
new_hawk_embs/AKEK_grid/E6-0_11800/SMM11800_20240523_131600.csv,54,57,18.016273,240,clips/54s_SMM11800_20240523_131600.wav,20240523,E6-0_11800,AKEK_grid,0,yes
new_hawk_embs/AKEK_grid/E6-0_11800/SMM11800_20240522_081600.csv,177,180,16.642729,240,clips/177s_SMM11800_20240522_081600.wav,20240522,E6-0_11800,AKEK_grid,0,yes
new_hawk_embs/AKEK_grid/E6-0_11800/SMM11800_20240527_071500.csv,15,18,16.339285,240,clips/15s_SMM11800_20240527_071500.wav,20240527,E6-0_11800,AKEK_grid,0,yes
new_hawk_embs/AKEK_grid/E6-0_11800/SMM11800_20240523_111600.csv,171,174,15.862338,240,clips/171s_SMM11800_20240523_111600.wav,20240523,E6-0_11800,AKEK_grid,0,yes
new_hawk_embs/AKEK_grid/E7-0_11847/SMM11847_20240524_181500.csv,222,225,12.539568,240,clips/222s_SMM11847_20240524_181500.wav,20240524,E7-0_11847,AKEK_grid,0,no
new_hawk_embs/AKEK_grid/E7-0_11847/SMM11847_20240611_131400.csv,117,120,11.774173,240,clips/117s_SMM11847_20240611_131400.wav,20240611,E7-0_11847,AKEK_grid,0,no
new_hawk_embs/AKEK_grid/E7-0_11847/SMM11847_20240509_092100.csv,138,141,9.174743,240,clips/138s_SMM11847_20240509_092100.wav,20240509,E7-0_11847,AKEK_grid,0,no
new_hawk_embs/AKEK_grid/E7-0_11847/SMM11847_20240430_162700.csv,114,117,9.091138,240,clips/114s_SMM11847_20240430_162700.wav,20240430,E7-0_11847,AKEK_grid,0,no
new_hawk_embs/AKEK_grid/E7-0_11847/SMM11847_20240609_171400.csv,36,39,9.081687,240,clips/36s_SMM11847_20240609_171400.wav,20240609,E7-0_11847,AKEK_grid,0,no
new_hawk_embs/AKEK_grid/B2-0_11425/SMM11425_20240610_121400.csv,231,234,14.07631,240,clips/231s_SMM11425_20240610_121400.wav,20240610,B2-0_11425,AKEK_grid,0,no
new_hawk_embs/AKEK_grid/B2-0_11425/SMM11425_20240420_163400.csv,30,33,12.081792,240,clips/30s_SMM11425_20240420_163400.wav,20240420,B2-0_11425,AKEK_grid,0,no
new_hawk_embs/AKEK_grid/B2-0_11425/SMM11425_20240525_101500.csv,81,84,11.577327,240,clips/81s_SMM11425_20240525_101500.wav,20240525,B2-0_11425,AKEK_grid,0,no
new_hawk_embs/AKEK_grid/B2-0_11425/SMM11425_20240429_092700.csv,231,234,10.941856,240,clips/231s_SMM11425_20240429_092700.wav,20240429,B2-0_11425,AKEK_grid,0,no
new_hawk_embs/AKEK_grid/B2-0_11425/SMM11425_20240428_102800.csv,66,69,10.84622,240,clips/66s_SMM11425_20240428_102800.wav,20240428,B2-0_11425,AKEK_grid,0,no
new_hawk_embs/AKEK_grid/H6-0_11434/SMM11434_20240410_104200.csv,234,237,16.667019,240,clips/234s_SMM11434_20240410_104200.wav,20240410,H6-0_11434,AKEK_grid,0,no
new_hawk_embs/AKEK_grid/H6-0_11434/SMM11434_20240409_144300.csv,177,180,15.66517,240,clips/177s_SMM11434_20240409_144300.wav,20240409,H6-0_11434,AKEK_grid,0,no
new_hawk_embs/AKEK_grid/H6-0_11434/SMM11434_20240525_141500.csv,129,132,14.649719,240,clips/129s_SMM11434_20240525_141500.wav,20240525,H6-0_11434,AKEK_grid,0,no
new_hawk_embs/AKEK_grid/H6-0_11434/SMM11434_20240608_091400.csv,201,204,13.7014265,240,clips/201s_SMM11434_20240608_091400.wav,20240608,H6-0_11434,AKEK_grid,0,no
new_hawk_embs/AKEK_grid/H6-0_11434/SMM11434_20240408_144400.csv,165,168,11.798978,240,clips/165s_SMM11434_20240408_144400.wav,20240408,H6-0_11434,AKEK_grid,0,no
new_hawk_embs/AKEK_grid/B3-0_11550/SMM11550_20240411_074100.csv,222,225,15.655298,240,clips/222s_SMM11550_20240411_074100.wav,20240411,B3-0_11550,AKEK_grid,0,no
new_hawk_embs/AKEK_grid/B3-0_11550/SMM11550_20240428_122800.csv,222,225,12.061095,240,clips/222s_SMM11550_20240428_122800.wav,20240428,B3-0_11550,AKEK_grid,0,no
new_hawk_embs/AKEK_grid/B3-0_11550/SMM11550_20240320_090200.csv,159,162,10.912719,240,clips/159s_SMM11550_20240320_090200.wav,20240320,B3-0_11550,AKEK_grid,0,no
new_hawk_embs/AKEK_grid/B3-0_11550/SMM11550_20240505_102400.csv,24,27,9.865687,240,clips/24s_SMM11550_20240505_102400.wav,20240505,B3-0_11550,AKEK_grid,0,no
new_hawk_embs/AKEK_grid/B3-0_11550/SMM11550_20240615_111500.csv,177,180,9.598942,240,clips/177s_SMM11550_20240615_111500.wav,20240615,B3-0_11550,AKEK_grid,0,no
new_hawk_embs/AKEK_grid/B3-4_11462/SMM11462_20240404_074800.csv,114,117,11.9620695,240,clips/114s_SMM11462_20240404_074800.wav,20240404,B3-4_11462,AKEK_grid,0,no
new_hawk_embs/AKEK_grid/B3-4_11462/SMM11462_20240510_182100.csv,45,48,11.604602,240,clips/45s_SMM11462_20240510_182100.wav,20240510,B3-4_11462,AKEK_grid,0,no
new_hawk_embs/AKEK_grid/B3-4_11462/SMM11462_20240503_102500.csv,204,207,11.552543,240,clips/204s_SMM11462_20240503_102500.wav,20240503,B3-4_11462,AKEK_grid,0,no
new_hawk_embs/AKEK_grid/B3-4_11462/SMM11462_20240424_153100.csv,6,9,11.544843,240,clips/6s_SMM11462_20240424_153100.wav,20240424,B3-4_11462,AKEK_grid,0,no
new_hawk_embs/AKEK_grid/B3-4_11462/SMM11462_20240429_152700.csv,93,96,11.5428295,240,clips/93s_SMM11462_20240429_152700.wav,20240429,B3-4_11462,AKEK_grid,0,no
new_hawk_embs/AKEK_grid/E7-2_11912/SMM11912_20240503_120500.csv,1701,1704,13.469771,2400,clips/1701s_SMM11912_20240503_120500.wav,20240503,E7-2_11912,AKEK_grid,0,no
new_hawk_embs/AKEK_grid/E7-2_11912/SMM11912_20240502_160500.csv,1332,1335,12.814445,2400,clips/1332s_SMM11912_20240502_160500.wav,20240502,E7-2_11912,AKEK_grid,0,unknown
new_hawk_embs/AKEK_grid/E7-2_11912/SMM11912_20240502_130500.csv,1707,1710,12.260259,2400,clips/1707s_SMM11912_20240502_130500.wav,20240502,E7-2_11912,AKEK_grid,0,no
new_hawk_embs/AKEK_grid/E7-2_11912/SMM11912_20240502_160500.csv,2307,2310,12.237046,2400,clips/2307s_SMM11912_20240502_160500.wav,20240502,E7-2_11912,AKEK_grid,0,yes
new_hawk_embs/AKEK_grid/E7-2_11912/SMM11912_20240502_160500.csv,1752,1755,11.642073,2400,clips/1752s_SMM11912_20240502_160500.wav,20240502,E7-2_11912,AKEK_grid,0,yes
